{
  "employees": [
    {
      "id": 1,
      "fullName": "Mark",
      "contactPreference": "email",
      "email": "mark@email.com",
      "phone": "5641238971",
      "skills": [
        {
          "skillName": "C#",
          "experienceInYears": 1,
          "proficiency": "beginner"
        },
        {
          "skillName": "Java",
          "experienceInYears": 2,
          "proficiency": "intermediate"
        }
      ]
    },
    {
      "id": 2,
      "fullName": "John",
      "contactPreference": "phone",
      "email": "john@email.com",
      "phone": "3242138971",
      "skills": [
        {
          "skillName": "Angular",
          "experienceInYears": 2,
          "proficiency": "beginner"
        },
        {
          "skillName": "HTML",
          "experienceInYears": 2,
          "proficiency": "intermediate"
        },
        {
          "skillName": "LINQ",
          "experienceInYears": 3,
          "proficiency": "advanced"
        }
      ]
    },
    {
      "id": 3,
      "fullName": "",
      "contactPreference": "email",
      "email": "",
      "phone": "",
      "skills": [
        {
          "skillName": "",
          "experienceInYears": "",
          "proficiency": ""
        }
      ]
    },
    {
      "id": 4,
      "fullName": "",
      "contactPreference": "email",
      "email": "",
      "phone": "",
      "skills": [
        {
          "skillName": "",
          "experienceInYears": "",
          "proficiency": ""
        }
      ]
    }
  ]
}